meter_id,feeder_id,consumer_type,sanctioned_load_kw,base_daily_kwh,tariff_rate,billing_address,installation_year,lat,lon
BLR-KMG-11-0001,KMG-11,residential,5,14.247915185359671,5.5,189 BTM Bengaluru,2019,12.920239780813448,77.60632334448673
BLR-KMG-11-0002,KMG-11,commercial,15,114.96870933552546,7.2,150 BTM Bengaluru,2019,12.942879950890672,77.64154210836062
BLR-KMG-11-0003,KMG-11,residential,5,12.644741134788031,5.5,58 BTM Bengaluru,2021,12.914922497001657,77.62499098641032
BLR-KMG-11-0004,KMG-11,residential,1,17.632577263780426,5.5,15 Koramangala Bengaluru,2021,12.934569377536544,77.62769658275448
BLR-KMG-11-0005,KMG-11,residential,2,6.387337731622082,5.5,167 Indiranagar Bengaluru,2021,12.951688070227393,77.62653152871381
BLR-KMG-11-0006,KMG-11,residential,1,7.232513558710086,5.5,92 HSR Layout Bengaluru,2021,12.93380707640445,77.6053755408446
BLR-KMG-11-0007,KMG-11,commercial,5,109.50267412247784,7.2,2 Indiranagar Bengaluru,2021,12.92139417822102,77.64278338511058
BLR-KMG-11-0008,KMG-11,commercial,25,137.37928205131786,7.2,14 HSR Layout Bengaluru,2018,12.952446880973973,77.63778135394712
BLR-KMG-11-0009,KMG-11,commercial,10,100.41013987966178,7.2,188 HSR Layout Bengaluru,2022,12.91963696899899,77.63608787923016
BLR-KMG-11-0010,KMG-11,residential,5,14.811426770153204,5.5,136 Koramangala Bengaluru,2020,12.942274293753904,77.63316028672163
BLR-KMG-11-0011,KMG-11,commercial,5,73.01588742531271,7.2,41 HSR Layout Bengaluru,2018,12.938931925073101,77.6172359209941
BLR-KMG-11-0012,KMG-11,residential,2,8.552566508374458,5.5,99 HSR Layout Bengaluru,2023,12.949488509703052,77.62288859700648
BLR-KMG-11-0013,KMG-11,residential,3,14.650990680636564,5.5,142 Koramangala Bengaluru,2018,12.942426515587432,77.60843563283247
BLR-KMG-11-0014,KMG-11,residential,1,16.540690339429272,5.5,52 BTM Bengaluru,2021,12.950302658957042,77.61397168916595
BLR-KMG-11-0015,KMG-11,residential,3,7.2031743168827145,5.5,160 Koramangala Bengaluru,2020,12.920448851490159,77.64118790609369
BLR-KMG-11-0016,KMG-11,commercial,15,134.57527082252614,7.2,28 HSR Layout Bengaluru,2021,12.930660397914814,77.63933121035674
BLR-KMG-11-0017,KMG-11,residential,1,8.988169733077648,5.5,190 MG Road Bengaluru,2018,12.923117406501676,77.62108431154505
BLR-KMG-11-0018,KMG-11,commercial,25,30.834255663742884,7.2,155 MG Road Bengaluru,2023,12.922884312418828,77.60879461469334
BLR-KMG-11-0019,KMG-11,residential,5,8.524841048290574,5.5,96 MG Road Bengaluru,2021,12.92854518409517,77.64287128330884
BLR-KMG-11-0020,KMG-11,industrial,25,697.2485058923854,6.8,113 BTM Bengaluru,2018,12.953909619401957,77.61467124057101
BLR-KMG-11-0021,KMG-11,industrial,50,233.05073290054838,6.8,129 Koramangala Bengaluru,2023,12.919795794883647,77.6235781104111
BLR-KMG-11-0022,KMG-11,industrial,25,872.1355474058786,6.8,184 Koramangala Bengaluru,2018,12.943128653944473,77.61871132530877
BLR-KMG-11-0023,KMG-11,residential,2,11.500845577046618,5.5,144 MG Road Bengaluru,2018,12.92683120259887,77.61146074041599
BLR-KMG-11-0024,KMG-11,residential,2,13.485901065791953,5.5,147 Indiranagar Bengaluru,2020,12.946380041845588,77.61794663949166
BLR-KMG-11-0025,KMG-11,residential,5,9.566008295225313,5.5,39 Indiranagar Bengaluru,2018,12.94102760468157,77.63340864476963
BLR-KMG-11-0026,KMG-11,residential,2,13.74098159083115,5.5,7 HSR Layout Bengaluru,2019,12.953286733733176,77.62466543565084
BLR-KMG-11-0027,KMG-11,residential,5,17.515870918043113,5.5,197 BTM Bengaluru,2020,12.921548284333655,77.61515485410368
BLR-KMG-11-0028,KMG-11,residential,3,15.988540086293295,5.5,54 MG Road Bengaluru,2021,12.917365598599801,77.61046514856378
BLR-KMG-11-0029,KMG-11,commercial,15,31.10364619399556,7.2,99 MG Road Bengaluru,2022,12.925356838989497,77.61621455441377
BLR-KMG-11-0030,KMG-11,residential,2,17.922404476551492,5.5,161 HSR Layout Bengaluru,2018,12.933755748607336,77.61115290836885
BLR-KMG-11-0031,KMG-11,residential,3,14.09315893952981,5.5,128 MG Road Bengaluru,2021,12.93435256307355,77.62945330472743
BLR-KMG-11-0032,KMG-11,residential,2,17.704500015850126,5.5,51 Koramangala Bengaluru,2020,12.945792452141665,77.62410548372421
BLR-KMG-11-0033,KMG-11,residential,2,6.733401829172623,5.5,61 Koramangala Bengaluru,2021,12.914972638657257,77.62981889183628
BLR-KMG-11-0034,KMG-11,residential,5,17.355000078036223,5.5,117 Koramangala Bengaluru,2021,12.914618264661154,77.6411327425035
BLR-KMG-11-0035,KMG-11,residential,5,17.49067967924954,5.5,116 BTM Bengaluru,2022,12.921636441246013,77.6147389942756
BLR-KMG-11-0036,KMG-11,residential,2,9.525680535332611,5.5,54 Indiranagar Bengaluru,2020,12.936802446803574,77.60788705975082
BLR-KMG-11-0037,KMG-11,residential,5,5.961176213311337,5.5,155 Indiranagar Bengaluru,2019,12.926902030569543,77.63794679179698
BLR-KMG-11-0038,KMG-11,residential,3,11.739479676710708,5.5,170 Indiranagar Bengaluru,2020,12.924248277743777,77.62846054843462
BLR-KMG-11-0039,KMG-11,residential,1,12.790521809280905,5.5,20 MG Road Bengaluru,2023,12.945831706777444,77.6396002136727
BLR-KMG-11-0040,KMG-11,residential,2,5.315747157772166,5.5,191 Koramangala Bengaluru,2018,12.92020166466911,77.64327363553241
BLR-KMG-11-0041,KMG-11,commercial,25,60.03016326190369,7.2,170 Koramangala Bengaluru,2021,12.927066049671842,77.6371147601515
BLR-KMG-11-0042,KMG-11,residential,5,10.401712262592198,5.5,6 BTM Bengaluru,2021,12.930454156202266,77.63198048843068
BLR-KMG-11-0043,KMG-11,residential,1,17.573516139598226,5.5,106 Koramangala Bengaluru,2018,12.92995283605779,77.62134082950323
BLR-KMG-11-0044,KMG-11,commercial,5,52.120040919764406,7.2,62 MG Road Bengaluru,2021,12.93035811777657,77.61093177280283
BLR-KMG-11-0045,KMG-11,residential,1,11.689173305885687,5.5,48 MG Road Bengaluru,2022,12.925197355877836,77.64219461122653
BLR-KMG-11-0046,KMG-11,commercial,10,103.40648954812227,7.2,195 HSR Layout Bengaluru,2019,12.92823890714605,77.63431384441857
BLR-KMG-11-0047,KMG-11,residential,1,4.6440369883045385,5.5,94 HSR Layout Bengaluru,2022,12.932966953163492,77.60791336642603
BLR-KMG-11-0048,KMG-11,residential,2,6.424826178740212,5.5,101 Indiranagar Bengaluru,2019,12.951965829263655,77.63946721549192
BLR-KMG-11-0049,KMG-11,residential,1,17.06810831311276,5.5,96 MG Road Bengaluru,2022,12.941358550775925,77.6286340465756
BLR-KMG-11-0050,KMG-11,industrial,200,1067.1989335550038,6.8,160 Koramangala Bengaluru,2021,12.937018967115035,77.61952679704825
BLR-KMG-11-0051,KMG-11,residential,2,11.638635050423089,5.5,101 HSR Layout Bengaluru,2020,12.94681707375085,77.63005939087431
BLR-KMG-11-0052,KMG-11,residential,1,7.004247675917238,5.5,46 Indiranagar Bengaluru,2022,12.917777718430237,77.63132027093665
BLR-KMG-11-0053,KMG-11,residential,2,15.828254353572364,5.5,90 Indiranagar Bengaluru,2020,12.925274190990935,77.60872659310486
BLR-KMG-11-0054,KMG-11,residential,2,16.28460818937874,5.5,164 MG Road Bengaluru,2022,12.952703222060808,77.62591887532992
BLR-KMG-11-0055,KMG-11,residential,2,12.062944053613185,5.5,99 HSR Layout Bengaluru,2019,12.924000657968643,77.62722176049375
BLR-KMG-11-0056,KMG-11,commercial,10,58.631623174840826,7.2,183 BTM Bengaluru,2018,12.923529446096158,77.61910915544705
BLR-KMG-11-0057,KMG-11,residential,2,9.454653207068848,5.5,141 Koramangala Bengaluru,2020,12.929568067149367,77.60443350605921
BLR-KMG-11-0058,KMG-11,commercial,5,68.31763651084978,7.2,128 HSR Layout Bengaluru,2020,12.933721026310872,77.6073313764478
BLR-KMG-11-0059,KMG-11,residential,2,11.751842732841212,5.5,53 MG Road Bengaluru,2022,12.951237164227491,77.64296992834137
BLR-KMG-11-0060,KMG-11,industrial,25,937.0355567910088,6.8,75 Indiranagar Bengaluru,2021,12.941521200407001,77.63747855496949
BLR-KMG-11-0061,KMG-11,commercial,15,81.13097700563293,7.2,168 Indiranagar Bengaluru,2018,12.946874402371613,77.63224968908625
BLR-KMG-11-0062,KMG-11,residential,1,17.81295409901646,5.5,109 MG Road Bengaluru,2023,12.9465119826903,77.64188994309535
BLR-KMG-11-0063,KMG-11,industrial,100,576.2595855309157,6.8,159 Koramangala Bengaluru,2022,12.92911950360489,77.63220337457186
BLR-KMG-11-0064,KMG-11,residential,2,10.082325822835799,5.5,173 BTM Bengaluru,2019,12.932746425679765,77.60625213102728
BLR-KMG-11-0065,KMG-11,residential,1,13.08894422962489,5.5,1 Koramangala Bengaluru,2022,12.923500258851698,77.62000891571488
BLR-KMG-11-0066,KMG-11,residential,1,11.397181698160928,5.5,117 Indiranagar Bengaluru,2021,12.95311602675017,77.6262402015457
BLR-KMG-11-0067,KMG-11,residential,1,16.945006623130347,5.5,164 Koramangala Bengaluru,2020,12.952772101424763,77.6249239137668
BLR-KMG-11-0068,KMG-11,residential,2,10.363574906748825,5.5,117 Koramangala Bengaluru,2018,12.950610173666764,77.6423480962963
BLR-KMG-11-0069,KMG-11,residential,2,5.494584923102382,5.5,117 Indiranagar Bengaluru,2021,12.939873934466748,77.61953073535959
BLR-KMG-11-0070,KMG-11,residential,1,9.044831332873756,5.5,192 Koramangala Bengaluru,2023,12.915292638044384,77.61519054028675
BLR-KMG-11-0071,KMG-11,residential,2,7.793406995211818,5.5,141 Koramangala Bengaluru,2022,12.951621273085415,77.62066556230954
BLR-KMG-11-0072,KMG-11,residential,5,5.158477880494286,5.5,30 Indiranagar Bengaluru,2020,12.915808746804247,77.60505467897988
BLR-KMG-11-0073,KMG-11,residential,3,17.82186581040922,5.5,177 Koramangala Bengaluru,2022,12.943983131999042,77.61971957795915
BLR-KMG-11-0074,KMG-11,commercial,10,37.62141955080016,7.2,105 Koramangala Bengaluru,2018,12.914546878593079,77.60701436241409
BLR-KMG-11-0075,KMG-11,residential,2,14.498750492579605,5.5,3 BTM Bengaluru,2022,12.943044833762873,77.63428324808169
BLR-KMG-11-0076,KMG-11,residential,1,6.870634599091349,5.5,1 Koramangala Bengaluru,2022,12.938246985378035,77.61314571222013
BLR-KMG-11-0077,KMG-11,residential,2,9.014278052459767,5.5,72 Indiranagar Bengaluru,2019,12.93481230803615,77.63489273566942
BLR-KMG-11-0078,KMG-11,residential,3,11.726695742842796,5.5,133 Koramangala Bengaluru,2018,12.937598235885504,77.62320183868073
BLR-KMG-11-0079,KMG-11,residential,3,12.951058997639393,5.5,75 Koramangala Bengaluru,2023,12.93869054848389,77.64321850900369
BLR-KMG-11-0080,KMG-11,residential,2,11.76741851959116,5.5,179 Indiranagar Bengaluru,2021,12.935897852275964,77.62203641789664
BLR-KMG-11-0081,KMG-11,commercial,5,92.83227312180134,7.2,81 BTM Bengaluru,2022,12.91988293923716,77.64106350500646
BLR-KMG-11-0082,KMG-11,residential,1,10.427900587335658,5.5,34 BTM Bengaluru,2019,12.9271500644115,77.62933603417267
BLR-KMG-11-0083,KMG-11,residential,1,5.80431610674909,5.5,183 Koramangala Bengaluru,2023,12.941906702947877,77.61120269089396
BLR-KMG-11-0084,KMG-11,residential,2,16.24044646796184,5.5,155 BTM Bengaluru,2019,12.938077415821638,77.61295396263625
BLR-KMG-11-0085,KMG-11,commercial,10,71.71430573792202,7.2,22 BTM Bengaluru,2023,12.918825434844024,77.6224311507213
BLR-KMG-11-0086,KMG-11,residential,2,11.047841791967997,5.5,45 Koramangala Bengaluru,2018,12.91769162344915,77.62324581576225
BLR-KMG-11-0087,KMG-11,residential,2,6.197687558026712,5.5,48 BTM Bengaluru,2018,12.925075105925888,77.63624805119171
BLR-KMG-11-0088,KMG-11,commercial,5,55.12191880040524,7.2,127 Indiranagar Bengaluru,2021,12.92875654558279,77.62250138864532
BLR-KMG-11-0089,KMG-11,commercial,5,60.29243332128249,7.2,7 Koramangala Bengaluru,2023,12.943984649280344,77.60521888610934
BLR-KMG-11-0090,KMG-11,commercial,10,77.6596599004899,7.2,192 MG Road Bengaluru,2022,12.921291355139038,77.62655860368075
BLR-KMG-11-0091,KMG-11,commercial,5,94.24026768186282,7.2,25 MG Road Bengaluru,2022,12.937743698142162,77.63116409276577
BLR-KMG-11-0092,KMG-11,commercial,10,40.430434570490846,7.2,111 Indiranagar Bengaluru,2018,12.936578341700905,77.61915090503804
BLR-KMG-11-0093,KMG-11,residential,3,12.50577311211002,5.5,187 Koramangala Bengaluru,2022,12.927213939251235,77.64134767295039
BLR-KMG-11-0094,KMG-11,residential,1,9.114995475436807,5.5,112 HSR Layout Bengaluru,2023,12.921462680962051,77.61540380674775
BLR-KMG-11-0095,KMG-11,residential,3,5.1232724392629905,5.5,31 BTM Bengaluru,2021,12.953890221390735,77.63986441051895
BLR-KMG-11-0096,KMG-11,residential,5,4.074200089566476,5.5,118 MG Road Bengaluru,2023,12.920835503495601,77.63074572879697
BLR-KMG-11-0097,KMG-11,industrial,50,771.6126894698998,6.8,179 BTM Bengaluru,2021,12.922203102405978,77.64271976266016
BLR-KMG-11-0098,KMG-11,residential,1,14.307460571778835,5.5,140 MG Road Bengaluru,2019,12.944711180057713,77.60749160718358
BLR-KMG-11-0099,KMG-11,residential,5,8.4889906902332,5.5,3 MG Road Bengaluru,2023,12.927464171127756,77.60937658707755
BLR-KMG-11-0100,KMG-11,residential,5,8.512953829646122,5.5,130 HSR Layout Bengaluru,2018,12.91955299093768,77.60410843597657
BLR-KMG-11-0101,KMG-11,residential,2,12.48542633478174,5.5,163 MG Road Bengaluru,2022,12.947224776311508,77.64260107642666
BLR-KMG-11-0102,KMG-11,residential,3,17.13676639549453,5.5,76 Koramangala Bengaluru,2020,12.951057976943588,77.63286386203005
BLR-KMG-11-0103,KMG-11,residential,3,15.591172420484886,5.5,14 HSR Layout Bengaluru,2023,12.94700530706771,77.61145619947152
BLR-KMG-11-0104,KMG-11,residential,2,16.710125826475224,5.5,89 BTM Bengaluru,2019,12.929697804296906,77.63666397757886
BLR-KMG-11-0105,KMG-11,residential,2,10.47751699937449,5.5,166 MG Road Bengaluru,2018,12.923288507805871,77.63998298293097
BLR-KMG-11-0106,KMG-11,residential,2,16.690609553503656,5.5,179 Koramangala Bengaluru,2023,12.951593284944538,77.62910832212285
BLR-KMG-11-0107,KMG-11,residential,1,15.116352649784144,5.5,157 MG Road Bengaluru,2021,12.943658436445562,77.62692603397029
BLR-KMG-11-0108,KMG-11,industrial,100,906.980461243459,6.8,155 MG Road Bengaluru,2023,12.922181783726778,77.63256256328894
BLR-KMG-11-0109,KMG-11,residential,3,5.44082443041803,5.5,141 HSR Layout Bengaluru,2022,12.919099546493278,77.61989149162241
BLR-KMG-11-0110,KMG-11,commercial,5,57.51016742791698,7.2,76 BTM Bengaluru,2019,12.91448812289272,77.62793770804821
BLR-KMG-11-0111,KMG-11,residential,3,12.386411106882571,5.5,148 Koramangala Bengaluru,2023,12.950338022453344,77.62733567179065
BLR-KMG-11-0112,KMG-11,residential,2,17.261966754565414,5.5,140 Indiranagar Bengaluru,2022,12.919564647765721,77.60803178412063
BLR-KMG-11-0113,KMG-11,residential,3,12.301480673623502,5.5,100 HSR Layout Bengaluru,2022,12.950899975247092,77.63228954537253
BLR-KMG-11-0114,KMG-11,residential,2,12.494010649359982,5.5,51 BTM Bengaluru,2023,12.95137468059076,77.64102274051626
BLR-KMG-11-0115,KMG-11,residential,1,17.787776785472683,5.5,110 HSR Layout Bengaluru,2023,12.947499631560099,77.61728585650619
BLR-KMG-11-0116,KMG-11,residential,1,12.510521513119622,5.5,175 MG Road Bengaluru,2022,12.927407889665835,77.63611413794392
BLR-KMG-11-0117,KMG-11,residential,2,9.574361710273205,5.5,25 Indiranagar Bengaluru,2020,12.950918409271939,77.62262800489275
BLR-KMG-11-0118,KMG-11,residential,5,12.21895513791194,5.5,187 HSR Layout Bengaluru,2020,12.919634280815192,77.61105547946025
BLR-KMG-11-0119,KMG-11,residential,2,16.8078426149534,5.5,177 BTM Bengaluru,2020,12.93929057151678,77.60452377826353
BLR-KMG-11-0120,KMG-11,residential,1,17.45498444457237,5.5,177 HSR Layout Bengaluru,2023,12.948425280715629,77.62540278875734
BLR-KMG-11-0121,KMG-11,residential,1,8.339116967760553,5.5,179 Koramangala Bengaluru,2020,12.927975479961972,77.62272927313765
BLR-KMG-11-0122,KMG-11,residential,2,15.71190738609266,5.5,19 Indiranagar Bengaluru,2018,12.9450211046678,77.62213155338992
BLR-KMG-11-0123,KMG-11,residential,2,9.610682852254563,5.5,166 Koramangala Bengaluru,2021,12.92127712521981,77.63847142484053
BLR-KMG-11-0124,KMG-11,industrial,25,470.74467314355377,6.8,110 Indiranagar Bengaluru,2021,12.946029990859444,77.64315725742463
BLR-KMG-11-0125,KMG-11,commercial,25,78.95813944378136,7.2,57 Koramangala Bengaluru,2020,12.934220315164241,77.627801959188
BLR-KMG-11-0126,KMG-11,residential,2,16.42444675518904,5.5,92 Indiranagar Bengaluru,2020,12.923726887639978,77.63289067727422
BLR-KMG-11-0127,KMG-11,commercial,15,77.66202355421458,7.2,165 BTM Bengaluru,2023,12.92572590921044,77.63985343274084
BLR-KMG-11-0128,KMG-11,residential,1,6.910407572044383,5.5,147 BTM Bengaluru,2020,12.937321662438787,77.6208569820237
BLR-KMG-11-0129,KMG-11,commercial,15,71.01808220374511,7.2,130 Koramangala Bengaluru,2021,12.947226180262609,77.61780768579524
BLR-KMG-11-0130,KMG-11,commercial,10,133.3281623969666,7.2,99 HSR Layout Bengaluru,2019,12.94454423176639,77.60960452703065
BLR-KMG-11-0131,KMG-11,commercial,10,137.34626722729098,7.2,128 MG Road Bengaluru,2019,12.914898772332805,77.61474709437539
BLR-KMG-11-0132,KMG-11,residential,2,7.610427596064832,5.5,22 Koramangala Bengaluru,2023,12.953376087228142,77.6250276072921
BLR-KMG-11-0133,KMG-11,residential,1,4.2574694716645345,5.5,146 BTM Bengaluru,2019,12.937060659020569,77.61496220882748
BLR-KMG-11-0134,KMG-11,residential,2,15.616385251900823,5.5,87 BTM Bengaluru,2019,12.919600741546418,77.61454735210538
BLR-KMG-11-0135,KMG-11,residential,3,7.510229247862369,5.5,53 Indiranagar Bengaluru,2022,12.947524278527132,77.62017526006196
BLR-KMG-11-0136,KMG-11,commercial,10,72.46456518734993,7.2,54 Koramangala Bengaluru,2018,12.917311946717005,77.62812608437865
BLR-KMG-11-0137,KMG-11,residential,2,8.041712314789798,5.5,164 MG Road Bengaluru,2020,12.925884868624927,77.62665618561186
BLR-KMG-11-0138,KMG-11,residential,2,17.11561635054661,5.5,69 MG Road Bengaluru,2019,12.91524732540245,77.61449056177199
BLR-KMG-11-0139,KMG-11,residential,1,10.949127460817309,5.5,109 Koramangala Bengaluru,2019,12.9389333020362,77.622969492348
BLR-KMG-11-0140,KMG-11,residential,2,9.77910970849453,5.5,61 Koramangala Bengaluru,2019,12.932387260510444,77.60703733641478
BLR-KMG-11-0141,KMG-11,residential,1,17.54779143489921,5.5,102 Indiranagar Bengaluru,2021,12.928438955877601,77.60766328293306
BLR-KMG-11-0142,KMG-11,commercial,5,144.02848245849628,7.2,55 MG Road Bengaluru,2021,12.935676037895133,77.63891783343504
BLR-KMG-11-0143,KMG-11,commercial,15,109.05400400528609,7.2,118 MG Road Bengaluru,2019,12.933576998545725,77.61284837767278
BLR-KMG-11-0144,KMG-11,industrial,200,239.4268113685059,6.8,10 MG Road Bengaluru,2019,12.936717809222104,77.64061953190351
BLR-KMG-11-0145,KMG-11,residential,2,8.162886103215712,5.5,176 Indiranagar Bengaluru,2020,12.951770659564536,77.6229685686663
BLR-KMG-11-0146,KMG-11,commercial,15,68.29205678919067,7.2,103 MG Road Bengaluru,2023,12.937850795139282,77.61320035349151
BLR-KMG-11-0147,KMG-11,residential,1,13.748042862293957,5.5,168 Indiranagar Bengaluru,2021,12.936897110377338,77.63615907917602
BLR-KMG-11-0148,KMG-11,residential,2,14.32998073669135,5.5,161 BTM Bengaluru,2019,12.949066615114496,77.62070024336111
BLR-KMG-11-0149,KMG-11,residential,5,4.003325330062384,5.5,13 BTM Bengaluru,2019,12.951562707940516,77.63595132943094
BLR-KMG-11-0150,KMG-11,industrial,25,967.1882889311269,6.8,62 BTM Bengaluru,2021,12.939100218528734,77.63894708456745
BLR-KMG-11-0151,KMG-11,industrial,100,617.7667821673338,6.8,103 HSR Layout Bengaluru,2022,12.943290872287385,77.60413385448172
BLR-KMG-11-0152,KMG-11,residential,1,15.939505503686618,5.5,146 BTM Bengaluru,2018,12.92509062582787,77.6404135640823
BLR-KMG-11-0153,KMG-11,residential,1,9.482821967564984,5.5,196 HSR Layout Bengaluru,2020,12.951998447358008,77.63545380057661
BLR-KMG-11-0154,KMG-11,residential,2,16.307656305870307,5.5,46 Koramangala Bengaluru,2023,12.938536455568428,77.61068135784367
BLR-KMG-11-0155,KMG-11,industrial,25,1142.7317741351258,6.8,63 BTM Bengaluru,2020,12.93450754044066,77.61322679246871
BLR-KMG-11-0156,KMG-11,residential,1,6.610135670019563,5.5,3 BTM Bengaluru,2022,12.939191116919845,77.61265296092145
BLR-KMG-11-0157,KMG-11,residential,2,11.350441012043754,5.5,123 Indiranagar Bengaluru,2020,12.944329539028162,77.63184082472215
BLR-KMG-11-0158,KMG-11,residential,3,7.142168005713249,5.5,120 BTM Bengaluru,2018,12.937717597393668,77.62720344831351
BLR-KMG-11-0159,KMG-11,residential,3,7.718400596241885,5.5,29 MG Road Bengaluru,2020,12.95222605992919,77.63848510469062
BLR-KMG-11-0160,KMG-11,commercial,15,96.10288447309672,7.2,187 Indiranagar Bengaluru,2021,12.928907540680491,77.6143901513504
BLR-KMG-11-0161,KMG-11,commercial,10,39.72554590891775,7.2,60 BTM Bengaluru,2021,12.91704523437961,77.63804827656195
BLR-KMG-11-0162,KMG-11,residential,2,12.293708985233247,5.5,186 Koramangala Bengaluru,2019,12.935751156319895,77.63857971521229
BLR-KMG-11-0163,KMG-11,commercial,10,134.17929648618565,7.2,92 MG Road Bengaluru,2020,12.948691768038392,77.63233451906859
BLR-KMG-11-0164,KMG-11,commercial,15,111.61689261123605,7.2,191 Koramangala Bengaluru,2023,12.9215688615914,77.63926548531082
BLR-KMG-11-0165,KMG-11,industrial,50,1079.0714802281318,6.8,170 Indiranagar Bengaluru,2020,12.923145006460997,77.64034805237077
BLR-KMG-11-0166,KMG-11,residential,2,14.592901252989085,5.5,12 Indiranagar Bengaluru,2022,12.93867707673503,77.6432474471211
BLR-KMG-11-0167,KMG-11,residential,1,12.876079843394558,5.5,88 BTM Bengaluru,2020,12.919137948723726,77.61533371793062
BLR-KMG-11-0168,KMG-11,residential,2,15.761701038377062,5.5,156 HSR Layout Bengaluru,2023,12.94414795336202,77.63555227927482
BLR-KMG-11-0169,KMG-11,residential,3,17.262170435588732,5.5,192 MG Road Bengaluru,2021,12.91669402405875,77.62728681840704
BLR-KMG-11-0170,KMG-11,residential,2,4.64038847337518,5.5,50 BTM Bengaluru,2021,12.943986073269716,77.60920344960522
BLR-KMG-11-0171,KMG-11,commercial,5,32.65482618347967,7.2,134 Koramangala Bengaluru,2020,12.94133181506426,77.62183610825507
BLR-KMG-11-0172,KMG-11,residential,5,9.966538231303621,5.5,141 MG Road Bengaluru,2022,12.941747289031259,77.61283078451154
BLR-KMG-11-0173,KMG-11,residential,2,13.163156999935893,5.5,27 Koramangala Bengaluru,2018,12.952529466137605,77.60525209254989
BLR-KMG-11-0174,KMG-11,commercial,25,132.88321105109983,7.2,84 Koramangala Bengaluru,2018,12.931691950495235,77.6164780796198
BLR-KMG-11-0175,KMG-11,residential,3,14.4417181684335,5.5,163 MG Road Bengaluru,2018,12.94259696160809,77.62651001145373
BLR-KMG-11-0176,KMG-11,residential,2,6.229440335909702,5.5,145 BTM Bengaluru,2022,12.920146321526444,77.62214774538421
BLR-KMG-11-0177,KMG-11,residential,1,15.155169590096385,5.5,172 BTM Bengaluru,2021,12.952700450544551,77.61141835498707
BLR-KMG-11-0178,KMG-11,residential,1,12.376581711713978,5.5,126 HSR Layout Bengaluru,2021,12.931212235795979,77.61202098906801
BLR-KMG-11-0179,KMG-11,residential,1,12.147599626801583,5.5,117 Indiranagar Bengaluru,2020,12.953374056296115,77.6099832257067
BLR-KMG-11-0180,KMG-11,residential,2,9.53763117431956,5.5,95 Koramangala Bengaluru,2022,12.944282370704448,77.64210594552155
BLR-KMG-12-0181,KMG-12,commercial,15,119.89939669215397,7.2,41 MG Road Bengaluru,2021,12.953466503730684,77.60969982171605
BLR-KMG-12-0182,KMG-12,residential,2,13.834509587617456,5.5,168 Indiranagar Bengaluru,2021,12.916896650885853,77.62536968823905
BLR-KMG-12-0183,KMG-12,commercial,5,128.94168562762007,7.2,154 Indiranagar Bengaluru,2023,12.936701633930461,77.63157859876549
BLR-KMG-12-0184,KMG-12,commercial,5,50.09790987108837,7.2,49 Koramangala Bengaluru,2022,12.942259029059475,77.60526344579301
BLR-KMG-12-0185,KMG-12,industrial,25,741.2963353010705,6.8,114 HSR Layout Bengaluru,2019,12.939012186408558,77.63533690903766
BLR-KMG-12-0186,KMG-12,residential,2,13.25148165618951,5.5,132 Indiranagar Bengaluru,2023,12.932092731380731,77.62974310780785
BLR-KMG-12-0187,KMG-12,residential,3,5.142819748428254,5.5,12 HSR Layout Bengaluru,2022,12.93317115714305,77.62862968087768
BLR-KMG-12-0188,KMG-12,residential,2,14.419906918329378,5.5,119 BTM Bengaluru,2020,12.920466901765872,77.60483444557165
BLR-KMG-12-0189,KMG-12,residential,2,11.594700900071146,5.5,59 Koramangala Bengaluru,2021,12.921981698037165,77.63120912969725
BLR-KMG-12-0190,KMG-12,residential,1,7.607560439156991,5.5,76 MG Road Bengaluru,2023,12.952431222059479,77.62063629464588
BLR-KMG-12-0191,KMG-12,commercial,15,118.24203583989032,7.2,126 HSR Layout Bengaluru,2021,12.915604367656499,77.63868125984489
BLR-KMG-12-0192,KMG-12,residential,2,14.15360724581191,5.5,66 Indiranagar Bengaluru,2021,12.930868837074938,77.6150731118894
BLR-KMG-12-0193,KMG-12,residential,5,6.9492706460793325,5.5,18 BTM Bengaluru,2018,12.919262707405089,77.63263299858728
BLR-KMG-12-0194,KMG-12,commercial,5,58.50519899086532,7.2,78 Indiranagar Bengaluru,2022,12.948175403734782,77.62369111425792
BLR-KMG-12-0195,KMG-12,residential,3,10.234273570037317,5.5,84 Indiranagar Bengaluru,2023,12.940084929821216,77.61648592226786
BLR-KMG-12-0196,KMG-12,residential,3,4.126425657813703,5.5,193 HSR Layout Bengaluru,2021,12.952792841803141,77.62215158165534
BLR-KMG-12-0197,KMG-12,residential,1,6.376610671225571,5.5,93 Indiranagar Bengaluru,2021,12.947155334635303,77.62123550094647
BLR-KMG-12-0198,KMG-12,residential,2,13.894881036396242,5.5,64 HSR Layout Bengaluru,2021,12.915466857077341,77.63345608060263
BLR-KMG-12-0199,KMG-12,residential,2,15.81838628556876,5.5,44 HSR Layout Bengaluru,2023,12.92223364840147,77.6084767847759
BLR-KMG-12-0200,KMG-12,residential,1,11.436373392014449,5.5,20 Indiranagar Bengaluru,2022,12.939600118673475,77.6129880470789
BLR-KMG-12-0201,KMG-12,residential,1,5.446325399736219,5.5,179 HSR Layout Bengaluru,2019,12.929895159538574,77.62319588326368
BLR-KMG-12-0202,KMG-12,residential,1,8.5238291989839,5.5,29 MG Road Bengaluru,2020,12.933553863210276,77.63067457030184
BLR-KMG-12-0203,KMG-12,residential,1,8.311019182276674,5.5,80 Indiranagar Bengaluru,2019,12.943315956733652,77.61049527578649
BLR-KMG-12-0204,KMG-12,residential,3,6.186293827090435,5.5,102 BTM Bengaluru,2023,12.924212260989137,77.63046529401484
BLR-KMG-12-0205,KMG-12,industrial,25,217.51599086206224,6.8,145 Indiranagar Bengaluru,2018,12.915215482387874,77.64123794782027
BLR-KMG-12-0206,KMG-12,residential,2,7.01945213356804,5.5,142 BTM Bengaluru,2022,12.93708740946847,77.61794294668968
BLR-KMG-12-0207,KMG-12,residential,2,8.453561750653673,5.5,161 MG Road Bengaluru,2018,12.94883013801349,77.63529541936232
BLR-KMG-12-0208,KMG-12,residential,3,16.29921785821887,5.5,125 HSR Layout Bengaluru,2023,12.931526893856478,77.64005502598353
BLR-KMG-12-0209,KMG-12,commercial,10,134.26807506486853,7.2,129 MG Road Bengaluru,2022,12.92698343319601,77.61865846139484
BLR-KMG-12-0210,KMG-12,residential,2,9.43981341778484,5.5,161 MG Road Bengaluru,2018,12.931776778110047,77.60458668228185
BLR-KMG-12-0211,KMG-12,residential,1,12.996063565260654,5.5,194 MG Road Bengaluru,2020,12.935694546599189,77.64205914238663
BLR-KMG-12-0212,KMG-12,commercial,25,127.65195459835037,7.2,153 HSR Layout Bengaluru,2022,12.929952911235874,77.62720689476909
BLR-KMG-12-0213,KMG-12,residential,2,14.708365661589795,5.5,70 Indiranagar Bengaluru,2021,12.952220947838196,77.60472930330705
BLR-KMG-12-0214,KMG-12,residential,1,13.064645998164442,5.5,124 MG Road Bengaluru,2021,12.951081381791852,77.60641069561157
BLR-KMG-12-0215,KMG-12,industrial,25,301.4208284492165,6.8,125 HSR Layout Bengaluru,2022,12.925394916078476,77.61629159859704
BLR-KMG-12-0216,KMG-12,commercial,10,67.35692389872044,7.2,164 Indiranagar Bengaluru,2019,12.924904960029341,77.620541964061
BLR-KMG-12-0217,KMG-12,residential,1,13.53564995550976,5.5,74 BTM Bengaluru,2018,12.936692488785155,77.61426251134804
BLR-KMG-12-0218,KMG-12,industrial,50,1005.9925497751581,6.8,129 HSR Layout Bengaluru,2022,12.939326055023761,77.64205613368826
BLR-KMG-12-0219,KMG-12,residential,3,16.378890486877708,5.5,137 Indiranagar Bengaluru,2018,12.939864236536915,77.61099093771308
BLR-KMG-12-0220,KMG-12,residential,5,14.779225803523506,5.5,49 Indiranagar Bengaluru,2020,12.945221020609754,77.61499224142192
BLR-KMG-12-0221,KMG-12,commercial,10,110.10598791497645,7.2,146 Koramangala Bengaluru,2021,12.919988158718278,77.62095779251652
BLR-KMG-12-0222,KMG-12,residential,1,16.169634745114735,5.5,161 BTM Bengaluru,2018,12.921137838609111,77.61649087144195
BLR-KMG-12-0223,KMG-12,residential,1,12.931451106423582,5.5,78 BTM Bengaluru,2022,12.916338184564342,77.60967097574108
BLR-KMG-12-0224,KMG-12,residential,2,13.461777431223263,5.5,42 BTM Bengaluru,2018,12.941697446052974,77.64365023974808
BLR-KMG-12-0225,KMG-12,residential,1,14.140743439802376,5.5,42 BTM Bengaluru,2023,12.924595817889468,77.62981159350102
BLR-KMG-12-0226,KMG-12,residential,2,9.13738510886721,5.5,70 MG Road Bengaluru,2021,12.931696397459227,77.63727452453006
BLR-KMG-12-0227,KMG-12,residential,1,12.962355133594325,5.5,8 Indiranagar Bengaluru,2020,12.935318311462053,77.61697335012461
BLR-KMG-12-0228,KMG-12,residential,2,17.917951057096346,5.5,2 MG Road Bengaluru,2020,12.943226020409568,77.62260822449134
BLR-KMG-12-0229,KMG-12,residential,2,17.406753983075323,5.5,77 BTM Bengaluru,2018,12.920819117526955,77.6203791141202
BLR-KMG-12-0230,KMG-12,residential,3,4.017313516631733,5.5,144 HSR Layout Bengaluru,2021,12.932995461740248,77.61930105120976
BLR-KMG-12-0231,KMG-12,residential,5,4.280368982961543,5.5,104 HSR Layout Bengaluru,2018,12.947681331775057,77.62483831909088
BLR-KMG-12-0232,KMG-12,residential,1,14.57378588695531,5.5,161 BTM Bengaluru,2021,12.945281123506815,77.63234978790972
BLR-KMG-12-0233,KMG-12,residential,2,7.6835759787518,5.5,66 MG Road Bengaluru,2022,12.927852870743559,77.61356221328789
BLR-KMG-12-0234,KMG-12,residential,3,7.915849538600709,5.5,154 HSR Layout Bengaluru,2019,12.93462717710786,77.64077567892858
BLR-KMG-12-0235,KMG-12,residential,5,15.919949408431341,5.5,12 MG Road Bengaluru,2019,12.935589304750398,77.6291180021109
BLR-KMG-12-0236,KMG-12,residential,2,14.099908942602244,5.5,67 HSR Layout Bengaluru,2023,12.917236771322049,77.62011920715061
BLR-KMG-12-0237,KMG-12,residential,2,8.845396171528996,5.5,20 Indiranagar Bengaluru,2019,12.946899222545374,77.60930098690967
BLR-KMG-12-0238,KMG-12,commercial,25,88.4474302582723,7.2,110 BTM Bengaluru,2021,12.934102643058537,77.61994652111089
BLR-KMG-12-0239,KMG-12,residential,2,4.9544123313969095,5.5,196 MG Road Bengaluru,2021,12.917198615774371,77.63506894521886
BLR-KMG-12-0240,KMG-12,residential,2,17.11028843437125,5.5,20 Indiranagar Bengaluru,2022,12.91822658737047,77.62963305258761
BLR-KMG-12-0241,KMG-12,residential,2,13.102815293574148,5.5,31 Koramangala Bengaluru,2022,12.945230463442737,77.62239201695077
BLR-KMG-12-0242,KMG-12,residential,5,4.8089278539491325,5.5,56 MG Road Bengaluru,2020,12.920826590342,77.60698519257348
BLR-KMG-12-0243,KMG-12,commercial,5,51.331966542149786,7.2,144 HSR Layout Bengaluru,2018,12.93437688512599,77.64386787415411
BLR-KMG-12-0244,KMG-12,commercial,15,66.7504344943934,7.2,52 HSR Layout Bengaluru,2021,12.947920635409975,77.63297269878706
BLR-KMG-12-0245,KMG-12,commercial,10,108.48909544463977,7.2,7 Koramangala Bengaluru,2021,12.933265393861394,77.61107548580576
BLR-KMG-12-0246,KMG-12,residential,5,7.480123608009189,5.5,62 Koramangala Bengaluru,2022,12.914767691072921,77.6143925283498
BLR-KMG-12-0247,KMG-12,commercial,5,94.237215774311,7.2,65 BTM Bengaluru,2022,12.94737213463819,77.62917195224043
BLR-KMG-12-0248,KMG-12,residential,1,4.596864930018459,5.5,188 Koramangala Bengaluru,2022,12.947774283309585,77.60792330323136
BLR-KMG-12-0249,KMG-12,residential,1,8.54546297646084,5.5,82 Koramangala Bengaluru,2018,12.93856325244739,77.63838260926588
BLR-KMG-12-0250,KMG-12,residential,5,5.864030058493357,5.5,192 MG Road Bengaluru,2018,12.95171324565653,77.63635533846545
BLR-KMG-12-0251,KMG-12,residential,1,17.02446438772953,5.5,188 BTM Bengaluru,2021,12.93948805907233,77.63037415688822
BLR-KMG-12-0252,KMG-12,commercial,15,103.67203017120741,7.2,188 BTM Bengaluru,2020,12.91822773919625,77.64353101084001
BLR-KMG-12-0253,KMG-12,residential,1,4.532305875324369,5.5,87 Koramangala Bengaluru,2018,12.916883373439946,77.60685026911061
BLR-KMG-12-0254,KMG-12,residential,5,14.325117032426098,5.5,58 HSR Layout Bengaluru,2020,12.952829998306827,77.64169261558692
BLR-KMG-12-0255,KMG-12,commercial,10,79.4557116315326,7.2,5 Indiranagar Bengaluru,2023,12.91730470653837,77.62458630346293
BLR-KMG-12-0256,KMG-12,commercial,15,57.341090105173194,7.2,73 Indiranagar Bengaluru,2019,12.914417107975895,77.6142165393874
BLR-KMG-12-0257,KMG-12,residential,1,17.437571253063005,5.5,119 Indiranagar Bengaluru,2019,12.945948567666182,77.61571288146803
BLR-KMG-12-0258,KMG-12,industrial,50,782.4226582072465,6.8,95 HSR Layout Bengaluru,2019,12.919123829854648,77.61753070023977
BLR-KMG-12-0259,KMG-12,industrial,25,572.1670238375134,6.8,59 HSR Layout Bengaluru,2019,12.938517583299781,77.64172303350978
BLR-KMG-12-0260,KMG-12,residential,1,6.764586858039122,5.5,174 MG Road Bengaluru,2022,12.925436271569566,77.63663787755874
BLR-KMG-12-0261,KMG-12,commercial,15,140.27118403674655,7.2,18 BTM Bengaluru,2022,12.922842534858148,77.64313589115201
BLR-KMG-12-0262,KMG-12,commercial,10,51.67135178103611,7.2,86 Koramangala Bengaluru,2018,12.951495522659885,77.60572694943187
BLR-KMG-12-0263,KMG-12,residential,1,14.163718739794136,5.5,27 Indiranagar Bengaluru,2020,12.920027044308394,77.61769534544133
BLR-KMG-12-0264,KMG-12,residential,3,14.40793300507253,5.5,3 Koramangala Bengaluru,2022,12.91775027682582,77.6270869113315
BLR-KMG-12-0265,KMG-12,commercial,10,49.30178087492955,7.2,186 MG Road Bengaluru,2021,12.94305846860452,77.64367239805397
BLR-KMG-12-0266,KMG-12,residential,2,15.200993561788232,5.5,10 BTM Bengaluru,2023,12.938639418010407,77.61152098938462
BLR-KMG-12-0267,KMG-12,residential,3,11.759171197848232,5.5,86 Indiranagar Bengaluru,2019,12.947598559211286,77.63730721877387
BLR-KMG-12-0268,KMG-12,residential,3,14.621469461554067,5.5,20 Koramangala Bengaluru,2020,12.947678814859868,77.62281276216406
BLR-KMG-12-0269,KMG-12,residential,1,9.395262362663065,5.5,132 HSR Layout Bengaluru,2019,12.949447831218603,77.62772177336747
BLR-KMG-12-0270,KMG-12,residential,2,13.738654050955295,5.5,149 Indiranagar Bengaluru,2023,12.920675404714194,77.61125277119702
BLR-KMG-12-0271,KMG-12,residential,2,16.23967458854333,5.5,14 Koramangala Bengaluru,2022,12.937199351497124,77.62645938351838
BLR-KMG-12-0272,KMG-12,residential,2,13.470551121169072,5.5,82 Koramangala Bengaluru,2021,12.947001976407202,77.62393022729053
BLR-KMG-12-0273,KMG-12,residential,1,8.679336461744851,5.5,30 Indiranagar Bengaluru,2023,12.922393679794256,77.63700522670663
BLR-KMG-12-0274,KMG-12,residential,2,5.713274602552492,5.5,113 MG Road Bengaluru,2019,12.928856880074921,77.60650168907588
BLR-KMG-12-0275,KMG-12,commercial,15,118.0338996050775,7.2,118 BTM Bengaluru,2018,12.930849922131761,77.62944709458833
BLR-KMG-12-0276,KMG-12,commercial,5,79.18858676355458,7.2,78 HSR Layout Bengaluru,2020,12.943599455467425,77.64201251011721
BLR-KMG-12-0277,KMG-12,residential,2,17.71505401047437,5.5,3 BTM Bengaluru,2020,12.914967670555653,77.63726788174702
BLR-KMG-12-0278,KMG-12,residential,2,8.182158030242823,5.5,147 Indiranagar Bengaluru,2020,12.931186272509557,77.63890921001938
BLR-KMG-12-0279,KMG-12,commercial,5,126.31719717548525,7.2,74 BTM Bengaluru,2021,12.919339198896637,77.60722406055028
BLR-KMG-12-0280,KMG-12,commercial,10,82.42208431382154,7.2,57 HSR Layout Bengaluru,2023,12.916291210043104,77.61300894809074
BLR-KMG-12-0281,KMG-12,residential,2,16.916722813229057,5.5,36 BTM Bengaluru,2023,12.925309827583149,77.60578379633492
BLR-KMG-12-0282,KMG-12,residential,1,7.8585727415052355,5.5,14 Indiranagar Bengaluru,2023,12.93115547515444,77.63779157745144
BLR-KMG-12-0283,KMG-12,residential,1,15.943254727651107,5.5,107 HSR Layout Bengaluru,2019,12.950257498133777,77.6095698148447
BLR-KMG-12-0284,KMG-12,residential,2,8.862806567623798,5.5,127 Indiranagar Bengaluru,2020,12.952535777368542,77.62640672733846
BLR-KMG-12-0285,KMG-12,industrial,25,618.7933190741614,6.8,128 MG Road Bengaluru,2022,12.95325188361989,77.61426120249776
BLR-KMG-12-0286,KMG-12,residential,1,11.91462356400254,5.5,147 Koramangala Bengaluru,2018,12.951881439509549,77.64269424711152
BLR-KMG-12-0287,KMG-12,residential,1,14.080112555283584,5.5,127 Indiranagar Bengaluru,2018,12.948024642313644,77.6264489115313
BLR-KMG-12-0288,KMG-12,residential,1,16.04195570689209,5.5,186 Koramangala Bengaluru,2018,12.945667999538133,77.6259535462688
BLR-KMG-12-0289,KMG-12,residential,1,15.856862193239838,5.5,74 BTM Bengaluru,2022,12.95182792588001,77.63799901485922
BLR-KMG-12-0290,KMG-12,residential,2,9.764717582183119,5.5,125 HSR Layout Bengaluru,2023,12.946256144689313,77.62236959510388
BLR-KMG-12-0291,KMG-12,residential,3,6.8190929499036415,5.5,135 BTM Bengaluru,2021,12.93579391036338,77.63433700071477
BLR-KMG-12-0292,KMG-12,commercial,5,45.15045393511362,7.2,79 HSR Layout Bengaluru,2021,12.924219733786224,77.64186551816798
BLR-KMG-12-0293,KMG-12,residential,3,11.811730342956958,5.5,66 MG Road Bengaluru,2023,12.927746527704363,77.61529723594745
BLR-KMG-12-0294,KMG-12,residential,3,9.207057350836108,5.5,23 MG Road Bengaluru,2020,12.929216800300301,77.63502447403701
BLR-KMG-12-0295,KMG-12,industrial,25,723.3296311947413,6.8,152 HSR Layout Bengaluru,2021,12.944299275391575,77.61505766762333
BLR-KMG-12-0296,KMG-12,residential,2,6.741771376216864,5.5,104 Indiranagar Bengaluru,2019,12.931904117612808,77.62631280767717
BLR-KMG-12-0297,KMG-12,residential,2,9.083410312876147,5.5,27 Indiranagar Bengaluru,2020,12.953340858908609,77.60962846112194
BLR-KMG-12-0298,KMG-12,residential,1,16.515855940110185,5.5,124 Koramangala Bengaluru,2022,12.931612936734734,77.62861192100279
BLR-KMG-12-0299,KMG-12,residential,3,15.250449496181492,5.5,46 MG Road Bengaluru,2022,12.95336441276146,77.63071679995214
BLR-KMG-12-0300,KMG-12,residential,1,16.346988616265016,5.5,59 Koramangala Bengaluru,2022,12.936390227345534,77.62509598488491
BLR-KMG-12-0301,KMG-12,residential,3,5.111692185002413,5.5,133 Koramangala Bengaluru,2022,12.927473620074444,77.61585959125132
BLR-KMG-12-0302,KMG-12,commercial,5,121.14988921375581,7.2,121 Koramangala Bengaluru,2019,12.946865475908417,77.62237060788692
BLR-KMG-12-0303,KMG-12,residential,2,15.595489534121057,5.5,30 Indiranagar Bengaluru,2022,12.918517728336447,77.60748717871327
BLR-KMG-12-0304,KMG-12,residential,2,16.675038239890185,5.5,51 Indiranagar Bengaluru,2019,12.938551096752628,77.62142021817593
BLR-KMG-12-0305,KMG-12,residential,3,15.286742334053072,5.5,94 Koramangala Bengaluru,2020,12.915244623996694,77.63357178940659
BLR-KMG-12-0306,KMG-12,residential,2,4.0534398777408605,5.5,47 MG Road Bengaluru,2021,12.92308718228094,77.63748164500971
BLR-KMG-12-0307,KMG-12,residential,2,13.718108029137634,5.5,153 BTM Bengaluru,2020,12.944526211650356,77.62033225371037
BLR-KMG-12-0308,KMG-12,commercial,25,57.93157765215465,7.2,137 Koramangala Bengaluru,2021,12.940599396139039,77.61441147430264
BLR-KMG-12-0309,KMG-12,commercial,15,97.2528757176528,7.2,91 Indiranagar Bengaluru,2023,12.932414330848076,77.6385825443809
BLR-KMG-12-0310,KMG-12,residential,2,17.675204599149232,5.5,78 Koramangala Bengaluru,2021,12.914720003557807,77.62085776166316
BLR-KMG-12-0311,KMG-12,residential,5,5.784355431920165,5.5,83 Koramangala Bengaluru,2020,12.94415847614387,77.63619627107366
BLR-KMG-12-0312,KMG-12,residential,5,14.173393888984526,5.5,124 MG Road Bengaluru,2021,12.939403564236388,77.6219936883189
BLR-KMG-12-0313,KMG-12,residential,1,4.956773097451645,5.5,30 MG Road Bengaluru,2018,12.93275071861858,77.61605061043039
BLR-KMG-12-0314,KMG-12,residential,1,8.198867561097785,5.5,41 HSR Layout Bengaluru,2020,12.950115799807678,77.63809055497565
BLR-KMG-12-0315,KMG-12,residential,2,16.49223497395513,5.5,127 BTM Bengaluru,2023,12.945783131148007,77.60538681066906
BLR-KMG-12-0316,KMG-12,residential,5,15.979745313725552,5.5,149 BTM Bengaluru,2021,12.922809012055092,77.62353498515931
BLR-KMG-12-0317,KMG-12,commercial,10,33.91748130548023,7.2,35 MG Road Bengaluru,2019,12.949159156011289,77.62687089408193
BLR-KMG-12-0318,KMG-12,residential,2,8.43725222907567,5.5,76 MG Road Bengaluru,2020,12.949700931598192,77.62173520057516
BLR-KMG-12-0319,KMG-12,residential,2,12.283760272288557,5.5,157 Koramangala Bengaluru,2021,12.941057054493536,77.60926773753887
BLR-KMG-12-0320,KMG-12,residential,3,17.590726890646962,5.5,194 Indiranagar Bengaluru,2020,12.943743756647061,77.6242506423798
BLR-KMG-12-0321,KMG-12,residential,1,7.561482131785858,5.5,145 BTM Bengaluru,2021,12.938162867082848,77.6402952065885
BLR-KMG-12-0322,KMG-12,residential,2,10.306514223209456,5.5,109 MG Road Bengaluru,2020,12.921843908509535,77.62843120284303
BLR-KMG-12-0323,KMG-12,residential,1,11.232016798243707,5.5,49 MG Road Bengaluru,2023,12.947332682858919,77.63775698450446
BLR-KMG-12-0324,KMG-12,residential,2,10.139538839524096,5.5,192 Indiranagar Bengaluru,2020,12.915775510886833,77.61511288291126
BLR-KMG-12-0325,KMG-12,commercial,5,128.1848002497897,7.2,21 Koramangala Bengaluru,2020,12.934296477548711,77.63896890098741
BLR-KMG-12-0326,KMG-12,residential,3,17.899435745986985,5.5,77 BTM Bengaluru,2018,12.929594894117661,77.63319441235393
BLR-KMG-12-0327,KMG-12,commercial,15,60.98079050294031,7.2,189 MG Road Bengaluru,2022,12.942737169192748,77.6421613251034
BLR-KMG-12-0328,KMG-12,commercial,25,30.25246118110601,7.2,158 BTM Bengaluru,2018,12.938151818117975,77.6314635965397
BLR-KMG-12-0329,KMG-12,residential,2,10.387311125377588,5.5,82 BTM Bengaluru,2020,12.937852860754415,77.62598334626888
BLR-KMG-12-0330,KMG-12,commercial,10,68.52973165044602,7.2,41 Indiranagar Bengaluru,2022,12.941146798266901,77.61847679963351
BLR-KMG-12-0331,KMG-12,residential,1,12.90534464973359,5.5,118 MG Road Bengaluru,2018,12.920172862611322,77.61087393925308
BLR-KMG-12-0332,KMG-12,residential,3,11.419881320969862,5.5,131 Indiranagar Bengaluru,2018,12.941795294947038,77.62529970797748
BLR-KMG-12-0333,KMG-12,residential,1,9.591162477525673,5.5,101 BTM Bengaluru,2023,12.936345695858016,77.6177266941269
BLR-KMG-12-0334,KMG-12,commercial,15,131.47252355878882,7.2,182 Koramangala Bengaluru,2019,12.930155914566804,77.60710458578926
BLR-KMG-12-0335,KMG-12,residential,3,12.263997601344236,5.5,108 Indiranagar Bengaluru,2020,12.932004934447276,77.62717065415282
BLR-KMG-12-0336,KMG-12,commercial,5,136.75824396210797,7.2,160 Indiranagar Bengaluru,2020,12.93804296667201,77.63222343450575
BLR-KMG-12-0337,KMG-12,residential,2,6.33604282378254,5.5,165 HSR Layout Bengaluru,2022,12.949603881407352,77.61783509842951
BLR-KMG-12-0338,KMG-12,residential,1,13.041513408010779,5.5,163 Koramangala Bengaluru,2020,12.93038515579581,77.61644869980253
BLR-KMG-12-0339,KMG-12,residential,2,9.10431219476556,5.5,116 HSR Layout Bengaluru,2023,12.932160064847844,77.63153096943121
BLR-KMG-12-0340,KMG-12,residential,2,4.385514078172517,5.5,187 Koramangala Bengaluru,2020,12.919431561882556,77.60797208811015
BLR-KMG-12-0341,KMG-12,residential,5,9.798103140595174,5.5,51 Indiranagar Bengaluru,2023,12.944248544558006,77.62234092035527
BLR-KMG-12-0342,KMG-12,residential,5,5.6259454428073585,5.5,170 HSR Layout Bengaluru,2022,12.932960257139326,77.62176510852663
BLR-KMG-12-0343,KMG-12,industrial,50,288.2017037898707,6.8,59 HSR Layout Bengaluru,2018,12.929420476189476,77.61761548417017
BLR-KMG-12-0344,KMG-12,residential,1,11.751960795012156,5.5,162 BTM Bengaluru,2023,12.923876297066702,77.63754196859611
BLR-KMG-12-0345,KMG-12,residential,3,13.926192140018445,5.5,85 HSR Layout Bengaluru,2022,12.952656695434655,77.62630835304999
BLR-KMG-12-0346,KMG-12,residential,2,5.948753818839737,5.5,141 Indiranagar Bengaluru,2020,12.922292360127502,77.6352955331784
BLR-KMG-12-0347,KMG-12,commercial,10,69.09877410773399,7.2,152 Indiranagar Bengaluru,2020,12.922052484312896,77.61980550973057
BLR-KMG-12-0348,KMG-12,residential,2,11.602344175407286,5.5,147 Koramangala Bengaluru,2022,12.937964823401613,77.61813842962187
BLR-KMG-12-0349,KMG-12,residential,1,14.442040540778168,5.5,5 MG Road Bengaluru,2021,12.932671283089247,77.60537845037699
BLR-KMG-12-0350,KMG-12,industrial,200,712.9024161471975,6.8,108 HSR Layout Bengaluru,2021,12.948541900900581,77.62754926088525
BLR-KMG-13-0351,KMG-13,residential,1,6.845123275205221,5.5,151 Koramangala Bengaluru,2020,12.950749388424255,77.61849072348394
BLR-KMG-13-0352,KMG-13,commercial,25,84.71751309119243,7.2,92 Koramangala Bengaluru,2021,12.94626357369305,77.62305933535113
BLR-KMG-13-0353,KMG-13,industrial,25,203.16784858070173,6.8,81 MG Road Bengaluru,2018,12.949723608207815,77.60649830374476
BLR-KMG-13-0354,KMG-13,commercial,10,91.25189868050786,7.2,189 Indiranagar Bengaluru,2023,12.941508881697223,77.63290827830792
BLR-KMG-13-0355,KMG-13,residential,1,8.191538237203538,5.5,194 MG Road Bengaluru,2020,12.922428198554687,77.64229792076152
BLR-KMG-13-0356,KMG-13,residential,5,13.475498184003538,5.5,113 Koramangala Bengaluru,2018,12.92767129618947,77.62931625322713
BLR-KMG-13-0357,KMG-13,residential,1,17.119274398423126,5.5,188 MG Road Bengaluru,2018,12.94783685758711,77.62854416456949
BLR-KMG-13-0358,KMG-13,residential,2,5.087090685402471,5.5,128 HSR Layout Bengaluru,2023,12.914979937930706,77.61624549363518
BLR-KMG-13-0359,KMG-13,residential,2,12.078569302466752,5.5,34 BTM Bengaluru,2022,12.9180376479991,77.63875777009116
BLR-KMG-13-0360,KMG-13,residential,1,15.78904212358011,5.5,124 HSR Layout Bengaluru,2019,12.916916073414715,77.6201149313053
BLR-KMG-13-0361,KMG-13,residential,1,7.93406298472199,5.5,136 Koramangala Bengaluru,2023,12.926859828049915,77.62305747945375
BLR-KMG-13-0362,KMG-13,residential,2,17.705735612447324,5.5,21 Koramangala Bengaluru,2022,12.930644857122843,77.63438445714799
BLR-KMG-13-0363,KMG-13,residential,3,16.137068556926373,5.5,74 Indiranagar Bengaluru,2021,12.938991354511575,77.60687103224906
BLR-KMG-13-0364,KMG-13,residential,1,13.995336855092257,5.5,53 HSR Layout Bengaluru,2022,12.950671667628093,77.63282620581133
BLR-KMG-13-0365,KMG-13,residential,1,16.347890376102903,5.5,98 Koramangala Bengaluru,2018,12.943945809365047,77.61670347181044
BLR-KMG-13-0366,KMG-13,residential,2,4.655926719386444,5.5,96 MG Road Bengaluru,2019,12.932678719998544,77.61761482985223
BLR-KMG-13-0367,KMG-13,industrial,25,1130.8873720608085,6.8,121 MG Road Bengaluru,2020,12.92481573145538,77.63770847608642
BLR-KMG-13-0368,KMG-13,residential,3,16.486210027350285,5.5,141 Koramangala Bengaluru,2018,12.929092546456252,77.64145284615876
BLR-KMG-13-0369,KMG-13,residential,1,4.5920844891175365,5.5,157 MG Road Bengaluru,2021,12.939308475149943,77.63215428366537
BLR-KMG-13-0370,KMG-13,residential,1,13.982644708880462,5.5,13 BTM Bengaluru,2018,12.925137576330016,77.60918402604781
BLR-KMG-13-0371,KMG-13,residential,5,7.765552442335403,5.5,84 Koramangala Bengaluru,2020,12.939765968859035,77.60592744049573
BLR-KMG-13-0372,KMG-13,residential,5,11.005616039942817,5.5,41 Koramangala Bengaluru,2019,12.939376965811462,77.63483122473055
BLR-KMG-13-0373,KMG-13,residential,3,6.604322000079319,5.5,141 HSR Layout Bengaluru,2019,12.922479762187946,77.6302941392868
BLR-KMG-13-0374,KMG-13,residential,3,7.020369508470358,5.5,109 BTM Bengaluru,2022,12.925812059102872,77.60946403614604
BLR-KMG-13-0375,KMG-13,residential,3,8.4187828126869,5.5,172 BTM Bengaluru,2021,12.942528275331304,77.61196861099576
BLR-KMG-13-0376,KMG-13,commercial,5,74.13431853073834,7.2,57 MG Road Bengaluru,2023,12.945280613397317,77.62575222911464
BLR-KMG-13-0377,KMG-13,residential,2,7.386444369758044,5.5,102 Indiranagar Bengaluru,2023,12.942375318683496,77.64195383823323
BLR-KMG-13-0378,KMG-13,residential,3,8.623398910709675,5.5,12 HSR Layout Bengaluru,2022,12.93256380637814,77.6425399696355
BLR-KMG-13-0379,KMG-13,residential,2,8.366094010836365,5.5,156 MG Road Bengaluru,2021,12.953040552931167,77.6090220085905
BLR-KMG-13-0380,KMG-13,residential,3,15.300177523108356,5.5,162 BTM Bengaluru,2023,12.931420305018888,77.61728397461572
BLR-KMG-13-0381,KMG-13,residential,3,7.125687397072748,5.5,57 HSR Layout Bengaluru,2020,12.94052029384567,77.62593528144782
BLR-KMG-13-0382,KMG-13,commercial,15,95.63559016456658,7.2,8 MG Road Bengaluru,2018,12.925645769911407,77.61228379672706
BLR-KMG-13-0383,KMG-13,residential,3,13.941896045172921,5.5,157 Indiranagar Bengaluru,2019,12.933363082788407,77.63389777626386
BLR-KMG-13-0384,KMG-13,residential,1,17.409057213834856,5.5,137 BTM Bengaluru,2021,12.93577929331201,77.64251073401012
BLR-KMG-13-0385,KMG-13,residential,2,7.155337752094722,5.5,199 Indiranagar Bengaluru,2018,12.938896545662638,77.63525287422989
BLR-KMG-13-0386,KMG-13,residential,1,15.355732779068592,5.5,104 HSR Layout Bengaluru,2021,12.939712756592007,77.63639440749442
BLR-KMG-13-0387,KMG-13,industrial,25,924.9811699240524,6.8,57 MG Road Bengaluru,2023,12.916488129046588,77.60989212177115
BLR-KMG-13-0388,KMG-13,residential,2,10.267427955745855,5.5,54 MG Road Bengaluru,2019,12.9260766680031,77.63444353224095
BLR-KMG-13-0389,KMG-13,residential,5,17.47234284182898,5.5,134 Indiranagar Bengaluru,2023,12.93586308568129,77.62131264008838
BLR-KMG-13-0390,KMG-13,residential,1,10.237582942386473,5.5,172 BTM Bengaluru,2020,12.940973959160939,77.60947996252214
BLR-KMG-13-0391,KMG-13,industrial,50,591.8582964090789,6.8,70 MG Road Bengaluru,2021,12.952057192414472,77.64379277175863
BLR-KMG-13-0392,KMG-13,residential,5,11.97355691393945,5.5,139 BTM Bengaluru,2018,12.950775496182906,77.61104381885322
BLR-KMG-13-0393,KMG-13,residential,1,4.1986606915407405,5.5,108 Koramangala Bengaluru,2022,12.950315951751184,77.64174806371281
BLR-KMG-13-0394,KMG-13,industrial,50,1177.3079079915037,6.8,8 BTM Bengaluru,2019,12.933076004258718,77.63273324701487
BLR-KMG-13-0395,KMG-13,residential,2,13.33240670665267,5.5,187 HSR Layout Bengaluru,2019,12.944865076439143,77.62395582658144
BLR-KMG-13-0396,KMG-13,residential,1,8.99841081558017,5.5,156 Indiranagar Bengaluru,2020,12.915842269367598,77.63632317129422
BLR-KMG-13-0397,KMG-13,residential,2,15.315856153783127,5.5,22 BTM Bengaluru,2020,12.91516679054581,77.62323560586411
BLR-KMG-13-0398,KMG-13,residential,1,8.044389144728319,5.5,155 Indiranagar Bengaluru,2020,12.93378700758365,77.6245088099125
BLR-KMG-13-0399,KMG-13,residential,2,5.270103831289035,5.5,94 Koramangala Bengaluru,2020,12.952037143780101,77.62708490344153
BLR-KMG-13-0400,KMG-13,residential,3,7.514019365672204,5.5,181 Koramangala Bengaluru,2019,12.940265242948314,77.61361595651573
BLR-KMG-13-0401,KMG-13,residential,5,5.425251561293517,5.5,10 Koramangala Bengaluru,2020,12.944070886921564,77.61314777637601
BLR-KMG-13-0402,KMG-13,industrial,25,879.5499271339083,6.8,169 BTM Bengaluru,2021,12.937264891719567,77.62146456759075
BLR-KMG-13-0403,KMG-13,residential,2,14.622867552602552,5.5,147 BTM Bengaluru,2021,12.931204115061192,77.640150302871
BLR-KMG-13-0404,KMG-13,commercial,10,121.573003632157,7.2,23 Indiranagar Bengaluru,2021,12.933901594085844,77.61218720436229
BLR-KMG-13-0405,KMG-13,residential,1,8.641905786940713,5.5,103 HSR Layout Bengaluru,2023,12.916846331406937,77.6067603037045
BLR-KMG-13-0406,KMG-13,industrial,50,609.4120718170184,6.8,24 Koramangala Bengaluru,2022,12.943069968966727,77.63495624887082
BLR-KMG-13-0407,KMG-13,residential,3,11.219231681990347,5.5,177 BTM Bengaluru,2021,12.931009127417507,77.60550284361595
BLR-KMG-13-0408,KMG-13,residential,3,4.000162886575126,5.5,188 BTM Bengaluru,2018,12.952923126518893,77.61304501324999
BLR-KMG-13-0409,KMG-13,residential,2,7.225833269642899,5.5,179 HSR Layout Bengaluru,2021,12.92640338153371,77.63326898946256
BLR-KMG-13-0410,KMG-13,residential,2,14.62696514961726,5.5,58 Indiranagar Bengaluru,2023,12.927011805360921,77.63250485332394
BLR-KMG-13-0411,KMG-13,commercial,5,74.51292097893182,7.2,123 HSR Layout Bengaluru,2023,12.929727808041116,77.62762551335977
BLR-KMG-13-0412,KMG-13,residential,1,11.62295742745411,5.5,32 Koramangala Bengaluru,2019,12.94522526869702,77.62735091122056
BLR-KMG-13-0413,KMG-13,industrial,25,465.32613755546697,6.8,68 HSR Layout Bengaluru,2018,12.919197654890716,77.62640366789773
BLR-KMG-13-0414,KMG-13,commercial,15,50.65070751543112,7.2,81 MG Road Bengaluru,2019,12.941888375276385,77.6325730654294
BLR-KMG-13-0415,KMG-13,residential,5,13.724335981545995,5.5,167 BTM Bengaluru,2023,12.927784163377902,77.60523431617231
BLR-KMG-13-0416,KMG-13,residential,1,6.987506871659654,5.5,84 HSR Layout Bengaluru,2022,12.948261488949916,77.6320467944636
BLR-KMG-13-0417,KMG-13,commercial,10,143.6508800530223,7.2,65 MG Road Bengaluru,2020,12.933300016809413,77.6242669059593
BLR-KMG-13-0418,KMG-13,residential,5,4.224866109734086,5.5,43 HSR Layout Bengaluru,2020,12.914456719338162,77.63214799118516
BLR-KMG-13-0419,KMG-13,industrial,50,434.97340499595276,6.8,59 BTM Bengaluru,2020,12.942247727318534,77.62537162207575
BLR-KMG-13-0420,KMG-13,residential,2,8.323681936102773,5.5,80 BTM Bengaluru,2023,12.93610828302874,77.61986214727959
BLR-KMG-13-0421,KMG-13,residential,3,6.201824914516015,5.5,196 HSR Layout Bengaluru,2019,12.948856561367634,77.63090811976835
BLR-KMG-13-0422,KMG-13,commercial,5,104.98489195283987,7.2,195 Indiranagar Bengaluru,2020,12.939119735304164,77.61390040292561
BLR-KMG-13-0423,KMG-13,residential,1,4.277139216861562,5.5,53 Koramangala Bengaluru,2022,12.928118340138093,77.62885169796198
BLR-KMG-13-0424,KMG-13,residential,3,9.663383398034176,5.5,118 Koramangala Bengaluru,2018,12.925430332983707,77.62131067518396
BLR-KMG-13-0425,KMG-13,residential,2,4.7921991860540185,5.5,47 HSR Layout Bengaluru,2018,12.939669375891942,77.63085916594669
BLR-KMG-13-0426,KMG-13,residential,1,9.856674097431922,5.5,54 BTM Bengaluru,2021,12.925114111043587,77.61505276433863
BLR-KMG-13-0427,KMG-13,residential,5,4.945035653573507,5.5,157 Indiranagar Bengaluru,2018,12.918124854496323,77.62591138777533
BLR-KMG-13-0428,KMG-13,industrial,50,389.815302972156,6.8,169 MG Road Bengaluru,2020,12.934788170515779,77.6069616887165
BLR-KMG-13-0429,KMG-13,residential,2,14.362259162660484,5.5,2 HSR Layout Bengaluru,2019,12.941591153969924,77.60975767654288
BLR-KMG-13-0430,KMG-13,residential,1,16.957310909926335,5.5,20 Koramangala Bengaluru,2018,12.917682679443299,77.62796178348601
BLR-KMG-13-0431,KMG-13,residential,2,7.743628390005578,5.5,34 Koramangala Bengaluru,2023,12.924035721827643,77.6310410515221
BLR-KMG-13-0432,KMG-13,residential,2,8.380703518991075,5.5,100 Koramangala Bengaluru,2021,12.91408074070993,77.61096326701245
BLR-KMG-13-0433,KMG-13,residential,2,12.571614110665825,5.5,59 Koramangala Bengaluru,2022,12.922105305365413,77.62750343484437
BLR-KMG-13-0434,KMG-13,residential,2,9.714123672133773,5.5,113 BTM Bengaluru,2021,12.951450685576528,77.62567960299559
BLR-KMG-13-0435,KMG-13,industrial,25,925.7259103641032,6.8,46 Indiranagar Bengaluru,2023,12.953080278177557,77.60807572403492
BLR-KMG-13-0436,KMG-13,residential,2,5.2967567627191405,5.5,85 MG Road Bengaluru,2021,12.948452785032602,77.63669009245467
BLR-KMG-13-0437,KMG-13,residential,2,17.947672011348274,5.5,92 MG Road Bengaluru,2020,12.939507529875836,77.61368088319924
BLR-KMG-13-0438,KMG-13,residential,1,6.789784710535211,5.5,151 HSR Layout Bengaluru,2018,12.922576259319726,77.61483225312148
BLR-KMG-13-0439,KMG-13,residential,1,10.425167232355484,5.5,195 Indiranagar Bengaluru,2018,12.940914866743922,77.60724596714144
BLR-KMG-13-0440,KMG-13,industrial,100,1005.0903184956627,6.8,19 HSR Layout Bengaluru,2020,12.925332190496997,77.63547078013428
BLR-KMG-13-0441,KMG-13,residential,2,7.54700038083526,5.5,91 Koramangala Bengaluru,2023,12.928844517537204,77.64083066433852
BLR-KMG-13-0442,KMG-13,residential,2,7.763949201350709,5.5,28 MG Road Bengaluru,2023,12.94839295341565,77.60540031659227
BLR-KMG-13-0443,KMG-13,commercial,10,134.846750421867,7.2,123 HSR Layout Bengaluru,2023,12.931104053348133,77.62170182059259
BLR-KMG-13-0444,KMG-13,residential,5,4.896088852520693,5.5,98 Koramangala Bengaluru,2019,12.914876533151,77.61604184311336
BLR-KMG-13-0445,KMG-13,residential,1,10.875340211364312,5.5,68 HSR Layout Bengaluru,2018,12.94457762912302,77.62038684213503
BLR-KMG-13-0446,KMG-13,residential,1,6.232891675579016,5.5,157 BTM Bengaluru,2018,12.92142586819605,77.63056877539955
BLR-KMG-13-0447,KMG-13,commercial,15,112.21611718493808,7.2,35 HSR Layout Bengaluru,2022,12.914318576189817,77.64098244221506
BLR-KMG-13-0448,KMG-13,residential,2,7.568351484808352,5.5,61 Indiranagar Bengaluru,2021,12.948905432101872,77.63712467316024
BLR-KMG-13-0449,KMG-13,residential,3,15.00900826286074,5.5,110 Indiranagar Bengaluru,2018,12.934225366136877,77.64164483250134
BLR-KMG-13-0450,KMG-13,commercial,5,77.12768919256995,7.2,109 Koramangala Bengaluru,2023,12.934863975840454,77.63577942534593
BLR-KMG-13-0451,KMG-13,commercial,10,85.42121775301324,7.2,158 MG Road Bengaluru,2023,12.925837715554346,77.6223675693493
BLR-KMG-13-0452,KMG-13,residential,3,9.387250641095445,5.5,112 BTM Bengaluru,2018,12.943625045955773,77.63851889595948
BLR-KMG-13-0453,KMG-13,residential,3,8.155013548277909,5.5,33 MG Road Bengaluru,2023,12.920629927078608,77.63963422139932
BLR-KMG-13-0454,KMG-13,residential,2,5.474836782738665,5.5,164 Indiranagar Bengaluru,2018,12.922475773217604,77.6164400997893
BLR-KMG-13-0455,KMG-13,residential,1,7.746411184063906,5.5,118 HSR Layout Bengaluru,2020,12.936275137726883,77.62063100414093
BLR-KMG-13-0456,KMG-13,residential,2,13.750017298505501,5.5,175 Indiranagar Bengaluru,2018,12.922146685510906,77.6171020866072
BLR-KMG-13-0457,KMG-13,residential,2,4.309980656616812,5.5,48 MG Road Bengaluru,2022,12.918688156227208,77.61748826302262
BLR-KMG-13-0458,KMG-13,residential,2,6.8875295937061365,5.5,69 Indiranagar Bengaluru,2018,12.941155909003113,77.63491946885222
BLR-KMG-13-0459,KMG-13,industrial,100,811.3366022166468,6.8,171 MG Road Bengaluru,2020,12.932970200839078,77.62642713179756
BLR-KMG-13-0460,KMG-13,residential,2,7.545813369318012,5.5,25 HSR Layout Bengaluru,2018,12.935426263973902,77.63744470812829
BLR-KMG-13-0461,KMG-13,commercial,15,88.21135919754482,7.2,179 MG Road Bengaluru,2023,12.934422471816372,77.63682395030706
BLR-KMG-13-0462,KMG-13,residential,2,4.187147565631539,5.5,174 MG Road Bengaluru,2019,12.950070961141849,77.6121389096999
BLR-KMG-13-0463,KMG-13,residential,3,9.451669145704255,5.5,185 HSR Layout Bengaluru,2021,12.935823407306765,77.64326829370084
BLR-KMG-13-0464,KMG-13,residential,2,17.8490485554085,5.5,20 BTM Bengaluru,2020,12.915713502204763,77.62185547561052
BLR-KMG-13-0465,KMG-13,residential,3,12.517725102320249,5.5,183 HSR Layout Bengaluru,2020,12.928779277361254,77.60581277115843
BLR-KMG-13-0466,KMG-13,residential,5,9.309171520526284,5.5,130 MG Road Bengaluru,2018,12.914212539026733,77.63617978569727
BLR-KMG-13-0467,KMG-13,commercial,10,37.97559909315265,7.2,136 MG Road Bengaluru,2019,12.935921294266569,77.62484292762034
BLR-KMG-13-0468,KMG-13,residential,2,14.61902633282947,5.5,99 BTM Bengaluru,2020,12.938818951402078,77.63369012748795
BLR-KMG-13-0469,KMG-13,residential,1,16.4657332410706,5.5,157 Indiranagar Bengaluru,2018,12.924329240786646,77.6282164703003
BLR-KMG-13-0470,KMG-13,residential,3,15.936189369136798,5.5,62 Indiranagar Bengaluru,2021,12.932956848804643,77.63265588447832
BLR-KMG-13-0471,KMG-13,residential,1,8.393575315141817,5.5,40 BTM Bengaluru,2020,12.948460548289075,77.63874558559293
BLR-KMG-13-0472,KMG-13,commercial,15,96.95129341808408,7.2,2 Indiranagar Bengaluru,2021,12.93175436753685,77.62203105135545
BLR-KMG-13-0473,KMG-13,industrial,50,749.3426449027577,6.8,195 Koramangala Bengaluru,2023,12.923001675046834,77.62514897676394
BLR-KMG-13-0474,KMG-13,commercial,10,63.41490556482876,7.2,155 HSR Layout Bengaluru,2023,12.916525611717095,77.63507161933629
BLR-KMG-13-0475,KMG-13,commercial,10,147.99667881821608,7.2,84 Indiranagar Bengaluru,2022,12.943913542976482,77.61002432412873
BLR-KMG-13-0476,KMG-13,residential,2,7.696060899432522,5.5,125 BTM Bengaluru,2020,12.94697307567517,77.6292015951392
BLR-KMG-13-0477,KMG-13,commercial,15,81.47819182090686,7.2,110 Koramangala Bengaluru,2022,12.931456783949184,77.63067087639135
BLR-KMG-13-0478,KMG-13,residential,3,15.377990678502869,5.5,125 Koramangala Bengaluru,2021,12.950123749115061,77.64134284333831
BLR-KMG-13-0479,KMG-13,commercial,15,30.686229763294715,7.2,91 Koramangala Bengaluru,2022,12.926724177876139,77.6424463766284
BLR-KMG-13-0480,KMG-13,commercial,15,78.72141620473327,7.2,158 HSR Layout Bengaluru,2022,12.92328072721235,77.60457525784288
BLR-KMG-13-0481,KMG-13,commercial,15,121.4763149401152,7.2,160 Koramangala Bengaluru,2019,12.936535814028504,77.62898456192458
BLR-KMG-13-0482,KMG-13,commercial,10,99.71404558658152,7.2,61 BTM Bengaluru,2020,12.931691752218045,77.63229588000131
BLR-KMG-13-0483,KMG-13,residential,1,12.355926276428631,5.5,152 Koramangala Bengaluru,2023,12.928859437746377,77.62874108234872
BLR-KMG-13-0484,KMG-13,residential,2,10.202831072625894,5.5,50 HSR Layout Bengaluru,2023,12.946176562387098,77.63260400645134
BLR-KMG-13-0485,KMG-13,residential,1,10.366700795737255,5.5,146 Koramangala Bengaluru,2023,12.928924904736895,77.64166767946632
BLR-KMG-13-0486,KMG-13,residential,2,13.672375671711519,5.5,89 MG Road Bengaluru,2023,12.925011528538073,77.61024826274746
BLR-KMG-13-0487,KMG-13,residential,2,6.510984144049374,5.5,150 Indiranagar Bengaluru,2018,12.947494683190806,77.61078913714307
BLR-KMG-13-0488,KMG-13,residential,3,12.535763952136623,5.5,43 HSR Layout Bengaluru,2023,12.941428021717345,77.6404085213947
BLR-KMG-13-0489,KMG-13,residential,5,16.342618958291965,5.5,66 BTM Bengaluru,2018,12.925080500973039,77.64085230048852
BLR-KMG-13-0490,KMG-13,residential,2,8.96894525227814,5.5,150 HSR Layout Bengaluru,2022,12.930933405766128,77.60738261512388
BLR-KMG-13-0491,KMG-13,residential,3,16.36080743126211,5.5,62 Koramangala Bengaluru,2022,12.953047478999522,77.6313381510963
BLR-KMG-13-0492,KMG-13,residential,3,16.38416610089663,5.5,73 Koramangala Bengaluru,2020,12.915201040213175,77.63989463463163
BLR-KMG-13-0493,KMG-13,residential,5,10.510133245369985,5.5,95 BTM Bengaluru,2023,12.919117476980471,77.617900283297
BLR-KMG-13-0494,KMG-13,residential,2,13.370320528266308,5.5,42 BTM Bengaluru,2020,12.936075085456846,77.63557637687654
BLR-KMG-13-0495,KMG-13,residential,1,10.649313513692476,5.5,50 Indiranagar Bengaluru,2021,12.931538268610023,77.62519525044354
BLR-KMG-13-0496,KMG-13,industrial,25,314.43151861235856,6.8,56 Koramangala Bengaluru,2023,12.939223237663324,77.61278827161566
BLR-KMG-13-0497,KMG-13,residential,3,9.118339814055535,5.5,164 BTM Bengaluru,2022,12.916502593688778,77.61242027758661
BLR-KMG-13-0498,KMG-13,commercial,5,71.11741758270259,7.2,127 Indiranagar Bengaluru,2020,12.936536334579353,77.63615219561933
BLR-KMG-13-0499,KMG-13,residential,2,11.077122645458095,5.5,152 Koramangala Bengaluru,2021,12.92494561671443,77.62351337274175
BLR-KMG-13-0500,KMG-13,residential,2,8.290488552599484,5.5,57 Indiranagar Bengaluru,2022,12.930744290996733,77.62233725696525
